target	chrom	editstart	editstop	ampstart	ampstop	required_edits	cigar	skip_pos
BARD1_X1A	chr2	214809476	214809584	214809432	214809629	214809582C,214809540G,214809486G	198M
BARD1_X1B	chr2	214809389	214809500	214809379	214809575	214809438G,214809495C	197M
BARD1_X2	chr2	214797050	214797156	214796956	214797200	214797093G,214797090G,214797069A,214797066A	245M
BARD1_X3A	chr2	214792354	214792474	214792299	214792541	214792394G,214792358G	243M	214792454,214792458
BARD1_X3B	chr2	214792286	214792400	214792193	214792441	214792358G,214792286T	249M
BARD1_X4A	chr2	214781431	214781543	214781384	214781595	214781543A,214781489G,214781487G	212M
BARD1_X4B	chr2	214781334	214781448	214781287	214781514	214781424G,214781421G,214781379C	228M
BARD1_X4C	chr2	214781296	214781383	214781219	214781430	214781379C,214781322C	212M
BARD1_X4D	chr2	214781202	214781326	214781141	214781384	214781294G,214781292G,214781217G,214781214C	244M
BARD1_X4E	chr2	214781087	214781206	214781038	214781283	214781157G,214781124C	246M
BARD1_X4F	chr2	214781012	214781131	214780965	214781177	214781124C,214781030G,214781028G	213M
BARD1_X4G	chr2	214780906	214781020	214780847	214781083	214780994G,214780992G,214780914G,214780911C	237M	214780920
BARD1_X4H	chr2	214780857	214780958	214780755	214781002	214780911C,214780914G,214780887C	248M	214780821
BARD1_X4I	chr2	214780767	214780866	214780688	214780915	214780860C,214780791C,214780788G	228M
BARD1_X4J	chr2	214780697	214780821	214780650	214780870	214780791C,214780788G,214780722C	221M
BARD1_X4K	chr2	214780627	214780740	214780581	214780793	214780722C,214780661G,214780659G	213M
BARD1_X4L	chr2	214780532	214780646	214780476	214780691	214780620C,214780617G,214780599G,214780596G	216M
BARD1_X5A	chr2	214769267	214769383	214769223	214769445	214769383A,214769295C,214769298G	223M
BARD1_X5B	chr2	214769166	214769286	214769115	214769356	214769247C,214769250G,214769168G	242M
BARD1_X6A	chr2	214767579	214767689	214767506	214767757	214767689A,214767619G,214767607C	252M	214767532
BARD1_X6B	chr2	214767507	214767615	214767409	214767656	214767607C,214767544C	248M	214767532
BARD1_X6C	chr2	214767430	214767549	214767372	214767621	214767544C,214767505C	250M	214767532
BARD1_X7A	chr2	214752489	214752587	214752442	214752680	214752570A,214752528G,214752531C	239M
BARD1_X7B	chr2	214752370	214752491	214752303	214752537	214752468C,214752378G	235M
BARD1_X8A	chr2	214745778	214745888	214745721	214745941	214745888T,214745804G	221M
BARD1_X8B	chr2	214745675	214745791	214745614	214745835	214745759G,214745756C,214745676G	222M
BARD1_X9A	chr2	214745103	214745199	214745047	214745276	214745199T,214745137G,214745134G	230M
BARD1_X9B	chr2	214745004	214745123	214744950	214745201	214745119C,214745005G	252M
BARD1_X10A	chr2	214730428	214730531	214730346	214730588	214730527A,214730456C,214730453G	243M
BARD1_X10B	chr2	214730353	214730469	214730305	214730553	214730431G,214730429G,214730362G	249M
BARD1_X11A	chr2	214728899	214729018	214728859	214729081	214729018A,214728964C	223M
BARD1_X11B	chr2	214728818	214728917	214728759	214728961	214728889C,214728862C	203M
BARD1_X11C	chr2	214728716	214728835	214728666	214728878	214728832C,214728757G	213M	214728835
BARD1_X11D	chr2	214728632	214728735	214728559	214728789	214728703C,214728632G	231M
